steps,time,reward,delta,converged
1,0.1264157725309758,4.402084770249072,0.44986896231754625,False
2,0.08594538755865244,29.228802154531067,0,True
