steps,time,reward,delta,converged
1,0.06788156858421601,4.355026681135019,0.4499702229480447,False
2,0.03467099405940033,24.342322199120854,0,False
3,0.03436214628812451,24.342322199120854,0,True
