steps,time,reward,delta,converged
1,0.03428663338561222,4.452473993545093,0.4446719863264075,False
2,0.012398085898944089,27.261040087325902,0,False
3,0.011478338746350403,27.261040087325902,0,True
