steps,time,reward,delta,converged
1,0.013471501808156816,2.3404773577119307,0.4523167662203421,False
2,0.002856653102032425,10.739010709000004,0,True
