steps,time,reward,delta,converged
1,0.008939217399380972,4.2103968433463415,0.4468735801211171,False
2,0.0014974208568148129,9.590690000000002,0,True
