steps,time,reward,delta,converged
1,0.004208711621515704,2.0,1.0,False
2,0.0036212212399675536,2.2,0.1,False
3,0.003658600126698275,2.2300000000000004,0.010000000000000002,False
4,0.0035845974822450444,2.233,0.0010000000000000002,False
5,0.0035083294507103346,2.2333,0.00010000000000000003,False
6,0.0036434975461929753,2.23333,1.0000000000000004e-05,False
7,0.0038511580281124225,2.233333,1.0000000000000004e-06,True
