steps,time,reward,delta,converged
1,0.003791125270623752,2.0,1.0,False
2,0.0042543969275357085,2.0,0,True
