steps,time,reward,delta,converged
1,0.0019799483038696053,2.0,1.0,False
2,0.0030952738739671304,2.4,0.2,False
3,0.0018931084659783437,2.52,0.04000000000000001,False
4,0.0019138745141731306,2.544,0.008000000000000002,False
5,0.0019818361264327677,2.5472,0.0016000000000000005,False
6,0.0018866898692664336,2.54784,0.00032000000000000013,False
7,0.0018761180629240926,2.548032,6.400000000000002e-05,False
8,0.0018972616756087746,2.548073472,1.2800000000000006e-05,False
9,0.0019622027717787205,2.54808188928,2.5600000000000013e-06,True
