steps,time,reward,delta,converged
1,0.0017205614837223493,1.0,1.0,False
2,0.0012448301979191,1.1,0.1,False
3,0.0014086931963674942,1.11,0.010000000000000002,False
4,0.0012776783104868628,1.111,0.0010000000000000002,False
5,0.0012712597137749526,1.1111,0.00010000000000000003,False
6,0.0012773007460111785,1.11111,1.0000000000000004e-05,False
7,0.0012765456169461231,1.111111,1.0000000000000004e-06,True
