steps,time,reward,delta,converged
1,0.001403029728663796,1.0,1.0,False
2,0.0012629532945140909,1.0,0,True
