steps,time,reward,delta,converged
1,0.0014003867770782108,1.0,1.0,False
2,0.0017035710806680981,1.2,0.2,False
3,0.0020267663034303496,1.24,0.04000000000000001,False
4,0.0013739572611939366,1.248,0.008000000000000002,False
5,0.0012852296007679342,1.2496,0.0016000000000000005,False
6,0.0012867398588127799,1.24992,0.00032000000000000013,False
7,0.0012818315201457153,1.249984,6.400000000000002e-05,False
8,0.001292780891020584,1.2499968,1.2800000000000006e-05,False
9,0.0013773553418445772,1.24999936,2.5600000000000013e-06,True
