steps,time,reward,delta,converged
1,0.001040190232103555,2.0,1.0,False
2,0.0010798345059299663,2.4,0.2,False
3,0.0015529228401618411,2.52,0.04000000000000001,False
4,0.001122121731341963,2.544,0.008000000000000002,False
5,0.0011130601830302567,2.5504,0.0016000000000000005,False
6,0.0009873312003492174,2.5517440000000002,0.00032000000000000013,False
7,0.0009865760713267946,2.5520153600000004,6.400000000000002e-05,False
8,0.000989219022898169,2.552067072,1.2800000000000006e-05,False
9,0.0009873312003350065,2.5520753664,2.5600000000000013e-06,True
