steps,time,reward,delta,converged
1,0.0011372243118188408,2.0,1.0,False
2,0.0017186736611733977,2.2,0.1,False
3,0.0017847474508698724,2.2300000000000004,0.010000000000000002,False
4,0.0014102034544123399,2.233,0.0010000000000000002,False
5,0.0012852296007537234,2.2334,0.00010000000000000003,False
6,0.0009929946680244939,2.233441,1.0000000000000004e-05,False
7,0.0011821544888164226,2.23344511,1.0000000000000004e-06,True
