steps,time,reward,delta,converged
1,0.00047837423741725615,1.0,1.0,False
2,0.0003726561738943701,1.2,0.2,False
3,0.00044703638288012826,1.28,0.04000000000000001,False
4,0.0003711459158495245,1.2979200000000002,0.008000000000000002,False
5,0.0003711459158495245,1.299584,0.0016000000000000005,False
6,0.0006588500744300063,1.2999168,0.00032000000000000013,False
7,0.000612787203877474,1.2999833600000001,6.400000000000002e-05,False
8,0.0005738980590876963,1.299999232,1.2800000000000006e-05,False
9,0.0006244917037747655,1.299999232,0,True
