steps,time,reward,delta,converged
1,0.0004715780761870292,1.0,1.0,False
2,0.0004972524630488806,1.1,0.1,False
3,0.00036623757718245997,1.12,0.010000000000000002,False
4,0.00036397219011519155,1.1221100000000002,0.0010000000000000002,False
5,0.0006524314777038853,1.122211,0.00010000000000000003,False
6,0.0005323659627123334,1.1222211,1.0000000000000004e-05,False
7,0.0005738980590876963,1.12222211,1.0000000000000004e-06,True
