steps,time,reward,delta,converged
1,0.00033074651300069036,2.0,1.0,False
2,0.0002582541265923055,2.0,0,True
