steps,time,reward,delta,converged
1,0.011457950262673933,2.0,0.75,False
2,0.010853091913546109,2.0,0,True
