steps,time,reward,delta,converged
1,0.025034037440804013,2.202539144714788,0.7037319111267548,False
2,0.02952705514027798,2.985688979,1.9682999999999998e-05,False
3,0.03059556271081476,2.9857066937,5.904899999999999e-06,False
4,0.030562714598232787,2.98571200811,1.7714699999999997e-06,False
5,0.03023914181096643,2.98571200811,1.7714699999999997e-06,True
