steps,time,reward,delta,converged
1,0.0705486843009453,3.355307508644896,0.5351908516087631,False
2,0.07293602471386862,13.400178532866155,0.0006338253001141158,False
3,0.0776514279112348,13.401415759851977,0.00032451855365842736,False
4,0.07643906826139357,13.401675374694904,0.0002596148429267419,False
5,0.08075123255935068,13.401883066569246,0.00020769187434139353,False
6,0.08193942808037491,13.402049220068719,0.00016615349947311482,False
7,0.08630294115204151,13.402049220068719,0,True
