steps,time,reward,delta,converged
1,0.018940901337117566,2.054768540797947,0.7366642668990326,False
2,0.021330884701612263,2.233333,1.0000000000000004e-06,False
3,0.02142791878134176,2.2333333,1.0000000000000005e-07,False
4,0.02157516894124001,2.2333333,1.0000000000000005e-07,True
