steps,time,reward,delta,converged
1,0.03792446746413347,3.3404520532029536,0.5351945372373439,False
2,0.03444332265832628,12.4079486337604,0,False
3,0.03485788849311788,12.4079486337604,0,True
