steps,time,reward,delta,converged
1,0.005706132478325188,2.0,0.75,False
2,0.0059455083792894214,2.0,0,True
