steps,time,reward,delta,converged
1,0.013686336015801714,2.624865239868891,0.6274158056838102,False
2,0.011371110424782671,6.3205947908096,0,False
3,0.011433786133871138,6.3205947908096,0,True
