steps,time,reward,delta,converged
1,0.044553745175669235,2.0806620273814573,0.42279480531793423,False
2,0.029397172947959405,9.936373145588643,0,True
