steps,time,reward,delta,converged
1,0.02032203232405294,1.4128257059315685,0.5825433371562198,False
2,0.019789666361340608,3.3332260031414727,4.5998653654473914e-05,False
3,0.020183088583429765,3.3332582021990307,3.219905755813174e-05,False
4,0.020689780159287352,3.333330301521066,1.2993481144712271e-06,False
5,0.020373381097762433,3.333331211064746,9.095436801298589e-07,False
6,0.020500620338495423,3.333331211064746,9.095436801298589e-07,True
