steps,time,reward,delta,converged
1,0.004047869139157001,1.0,0.75,False
2,0.004127535251306824,1.0,0,True
