steps,time,reward,delta,converged
1,0.008110840858819302,2.2025458634177193,0.7037305459669944,False
2,0.008726648578807783,2.9982467143700005,1.9682999999999998e-05,False
3,0.008547305435342878,2.9982767703110005,5.904899999999999e-06,False
4,0.00867378954704634,2.998283856191,1.7714699999999997e-06,False
5,0.00844989379110217,2.998283856191,1.7714699999999997e-06,True
