steps,time,reward,delta,converged
1,0.025553943774603738,1.6179036014336574,0.5225471059077311,False
2,0.025466726372201265,4.999782219285172,5.444517870735028e-05,False
3,0.026164465591413943,4.999825775428138,4.3556142965880224e-05,False
4,0.027751369237705603,4.999860620342511,3.484491437270418e-05,False
5,0.028751915195989852,4.999888496274009,2.7875931498163346e-05,False
6,0.029129102144040075,4.999888496274009,0,True
