steps,time,reward,delta,converged
1,0.015560566256155539,2.899023787499825,0.5880500038543105,False
2,0.01107585497596375,9.3239744311937,0,False
3,0.011069813943763052,9.3239744311937,0,True
