steps,time,reward,delta,converged
1,0.015202635098241046,1.290543093412563,0.6247549374365968,False
2,0.01514373503428601,2.499988154046654,7.897302230536022e-06,False
3,0.014857541133764585,2.4999928924279926,4.738381338321613e-06,False
4,0.01431988926788108,2.4999928924279926,4.738381338321613e-06,True
