steps,time,reward,delta,converged
1,0.01108227357267566,1.1454913304662844,0.6824593515023543,False
2,0.011181950603990742,1.6666666208536822,6.871947673600007e-08,False
3,0.010987127315509326,1.666666648341473,2.748779069440003e-08,False
4,0.011048670331049948,1.666666648341473,2.748779069440003e-08,True
