steps,time,reward,delta,converged
1,0.013125652714656155,1.2070931370317401,0.6568557655751175,False
2,0.011135510168948315,1.9999980926513672,1.9073486328125e-06,True
