steps,time,reward,delta,converged
1,0.02344486840743798,2.622038712421068,0.6275505108743644,False
2,0.02338861129506853,5.707352746510638,6.0935974001049565e-05,False
3,0.024785222427031073,5.707402470265423,3.656158440062974e-05,False
4,0.025878271690892518,5.707432304518294,2.1936950640377843e-05,False
5,0.02601683786700093,5.707454943451355,1.3162170384226705e-05,False
6,0.025975305770622015,5.7074628407535855,7.897302230536022e-06,False
7,0.026481242217453627,5.707467579134924,4.738381338321613e-06,False
8,0.02693318693898661,5.707470422163727,4.738381338321613e-06,False
9,0.026241866316489393,5.707470422163727,4.738381338321613e-06,True
