steps,time,reward,delta,converged
1,0.01080400852691632,2.054768080592865,0.7366642668990326,False
2,0.013809799611410156,2.2332229999999997,1.0000000000000004e-06,False
3,0.013593455145713307,2.2332232999999997,1.0000000000000005e-07,False
4,0.012347869818777113,2.2332232999999997,1.0000000000000005e-07,True
