steps,time,reward,delta,converged
1,0.012523059752604482,2.1209732101605714,0.7214031722255128,False
2,0.013217778455716811,2.5480704000000003,1.2800000000000006e-05,False
3,0.014447128508612295,2.5480806400000002,2.5600000000000013e-06,False
4,0.014070696689589823,2.548082405376,5.120000000000002e-07,False
5,0.014151873059791598,2.548082507776,5.120000000000002e-07,False
6,0.013894751626736479,2.548082528256,5.120000000000002e-07,False
7,0.015437102660547097,2.548082528256,5.120000000000002e-07,True
