steps,time,reward,delta,converged
1,0.010739444995266467,2.4401020747244404,0.6580702164974004,False
2,0.011055088927776069,4.6536865234375,0.0001220703125,False
3,0.011078875492060547,4.6536865234375,0,True
