steps,time,reward,delta,converged
1,0.003065823841993165,2.0,0.75,False
2,0.003877965108507908,2.0,0,True
