steps,time,reward,delta,converged
1,0.021440378410254368,3.365949562610431,0.5336116053376754,False
2,0.011219329490735674,15.175686843596804,0,False
3,0.010874235526252107,15.175686843596804,0,True
