steps,time,reward,delta,converged
1,0.006970218466378242,2.120982876635342,0.7214030428750733,False
2,0.006662880953157924,2.55206656,1.2800000000000006e-05,False
3,0.0076283134117716145,2.5520747520000002,2.5600000000000013e-06,False
4,0.007525238299841419,2.5520774144000002,5.120000000000002e-07,False
5,0.00745803181661131,2.5520775372799998,5.120000000000002e-07,False
6,0.007233758496148823,2.5520775372799998,5.120000000000002e-07,True
