steps,time,reward,delta,converged
1,0.00298766798789174,1.1600251987194121,0.6829694129871176,False
2,0.002891389037188219,1.9327216640000002,0,True
