steps,time,reward,delta,converged
1,0.00739195802690773,1.7427880283107853,0.53548998051787,False
2,0.0030042808264436616,6.992040448000001,0,True
