steps,time,reward,delta,converged
1,0.0024639860089692434,1.1049276754435857,0.7037326530820336,False
2,0.002888746085599969,1.557106303,6.560999999999999e-05,False
3,0.0028638268277711987,1.557106303,0,True
