steps,time,reward,delta,converged
1,0.0039855709945886275,1.3339901135675776,0.6275593339773098,False
2,0.0029034711015896164,3.359689216,0,True
