steps,time,reward,delta,converged
1,0.007589046702465296,1.4849780471479919,0.5885643829797609,False
2,0.003456980677002619,4.737996226999999,0,True
