steps,time,reward,delta,converged
1,0.0035468410309924536,1.2329302765002224,0.6581074236642964,False
2,0.0028143658766257573,2.494140625,0,True
