steps,time,reward,delta,converged
1,0.00522549285383711,3.2981565063764786,0.5345591747758409,False
2,0.0016065370009448188,7.690880000000001,0,True
