steps,time,reward,delta,converged
1,0.0027796299414699632,2.613766262872916,0.6275124844339676,False
2,0.0016601511617282405,5.04896,0,True
