steps,time,reward,delta,converged
1,0.0016824274679694273,2.0547507428703193,0.7366642667471694,False
2,0.0016280581781606962,2.2322100000000002,0,True
