steps,time,reward,delta,converged
1,0.0014483374701819152,2.120817605063882,0.7214031593955322,False
2,0.0015023291954778806,2.53952,0,True
