steps,time,reward,delta,converged
1,0.0038405862217647524,2.8729761392583635,0.588360202121866,False
2,0.0017107448064113129,6.20427,0,True
