steps,time,reward,delta,converged
1,0.0019905201102186076,2.3036147331597645,0.6829677356627322,False
2,0.0015793523560403422,3.46944,0,False
3,0.0016416505006127124,3.46944,0,True
