steps,time,reward,delta,converged
1,0.001784747450872981,2.2018838301340216,0.7037317114619346,False
2,0.001558586307849552,2.9426300000000003,0,True
