steps,time,reward,delta,converged
1,0.0022808672203775693,2.4353366158530707,0.6580978286586592,False
2,0.0014872266149756896,4.15625,0,True
